{"cameraMode":{"drawMode":0,"name":"Shaded","section":"Shading Mode"},"sceneLighting":false,"audioPlay":false,"sceneViewState":{"m_AlwaysRefresh":false,"showFog":false,"showSkybox":false,"showFlares":false,"showImageEffects":false,"showParticleSystems":false,"showVisualEffectGraphs":true,"m_FxEnabled":true},"in2DMode":false,"pivot":{"x":-0.024198859930038453,"y":0.6056445837020874,"z":0.08619978278875351},"rotation":{"x":0.02825014293193817,"y":-0.6270619630813599,"z":-0.022767554968595506,"w":-0.778130054473877},"size":0.6858482956886292,"orthographic":false}